{
  "Овоо": 424361.62817068474,
  "Аикесм": 177281.33911695587,
  "Иврейу": 56688.0,
  "Эоте": 424361.62817068474,
  "Урау": 177281.33911695587,
  "Шоощас": 56688.0,
  "Еепумн": 424361.62817068474,
  "Ошжоо": 177281.33911695587,
  "Рарукге": 56688.0,
  "Иапи": 424361.62817068474,
  "Ойзоа": 177281.33911695587,
  "Саслаир": 56688.0,
  "Эяфви": 424361.62817068474,
  "Жичоёт": 177281.33911695587,
  "Ясаво": 56688.0
}